{
	"partitions" : [
		{
			"name" : "Top",
			"pins" : [
				{
					"name" : "LEDR[0]",
					"strict" : false
				},
				{
					"name" : "LEDR[1]",
					"strict" : false
				},
				{
					"name" : "LEDR[2]",
					"strict" : false
				},
				{
					"name" : "LEDR[3]",
					"strict" : false
				},
				{
					"name" : "LEDR[4]",
					"strict" : false
				},
				{
					"name" : "LEDR[5]",
					"strict" : false
				},
				{
					"name" : "LEDR[6]",
					"strict" : false
				},
				{
					"name" : "LEDR[7]",
					"strict" : false
				},
				{
					"name" : "LEDR[8]",
					"strict" : false
				},
				{
					"name" : "LEDR[9]",
					"strict" : false
				},
				{
					"name" : "GSENSOR_CS_N",
					"strict" : false
				},
				{
					"name" : "GSENSOR_SCLK",
					"strict" : false
				},
				{
					"name" : "GSENSOR_SDI",
					"strict" : false
				},
				{
					"name" : "MAX10_CLK1_50",
					"strict" : false
				},
				{
					"name" : "GSENSOR_INT[1]",
					"strict" : false
				},
				{
					"name" : "altera_reserved_tms",
					"strict" : false
				},
				{
					"name" : "altera_reserved_tck",
					"strict" : false
				},
				{
					"name" : "altera_reserved_tdi",
					"strict" : false
				},
				{
					"name" : "altera_reserved_tdo",
					"strict" : false
				}
			]
		}
	]
}